FEL,FUBAR,MEME
Neutral,Purifiyng,Not significant
Neutral,Purifiyng,Episodic Diversifiyng
Purifiyng,Purifiyng,Not significant
Neutral,Purifiyng,Episodic Diversifiyng
Neutral,Neutral,Not significant
Purifiyng,Purifiyng,Not significant
Neutral,Neutral,Not significant
Neutral,Purifiyng,Episodic Diversifiyng
Purifiyng,Purifiyng,Not significant
Diversifiyng,Neutral,Episodic Diversifiyng
Neutral,Neutral,Not significant
Neutral,Purifiyng,Episodic Diversifiyng
Purifiyng,Purifiyng,Episodic Diversifiyng
Neutral,Purifiyng,Not significant
Purifiyng,Purifiyng,Not significant
Neutral,Purifiyng,Not significant
Neutral,Purifiyng,Not significant
Purifiyng,Purifiyng,Not significant
Neutral,Purifiyng,Not significant
Neutral,Purifiyng,Not significant
Neutral,Neutral,Episodic Diversifiyng
Neutral,Purifiyng,Not significant
Purifiyng,Purifiyng,Not significant
Neutral,Neutral,Episodic Diversifiyng
Neutral,Neutral,Not significant
Purifiyng,Purifiyng,Not significant
Neutral,Purifiyng,Not significant
Purifiyng,Purifiyng,Not significant
Purifiyng,Purifiyng,Not significant
Purifiyng,Purifiyng,Episodic Diversifiyng
Purifiyng,Purifiyng,Not significant
Purifiyng,Purifiyng,Not significant
Purifiyng,Purifiyng,Not significant
Neutral,Purifiyng,Not significant
Neutral,Neutral,Not significant
Purifiyng,Purifiyng,Not significant
Purifiyng,Purifiyng,Not significant
Purifiyng,Purifiyng,Not significant
Neutral,Neutral,Not significant
Purifiyng,Purifiyng,Not significant
Neutral,Purifiyng,Not significant
Purifiyng,Purifiyng,Not significant
Neutral,Neutral,Not significant
Purifiyng,Purifiyng,Not significant
Purifiyng,Purifiyng,Not significant
Neutral,Neutral,Not significant
Purifiyng,Purifiyng,Not significant
Neutral,Neutral,Not significant
Purifiyng,Purifiyng,Not significant
Neutral,Neutral,Episodic Diversifiyng
Neutral,Neutral,Not significant
Neutral,Neutral,Not significant
Purifiyng,Purifiyng,Not significant
Purifiyng,Purifiyng,Not significant
Neutral,Neutral,Not significant
Purifiyng,Purifiyng,Not significant
Purifiyng,Purifiyng,Not significant
Neutral,Purifiyng,Not significant
Neutral,Neutral,Not significant
Purifiyng,Purifiyng,Not significant
Neutral,Neutral,Not significant
Neutral,Neutral,Not significant
Neutral,Purifiyng,Not significant
Neutral,Purifiyng,Not significant
Purifiyng,Purifiyng,Not significant
Purifiyng,Purifiyng,Not significant
Neutral,Neutral,Not significant
Neutral,Purifiyng,Not significant
Purifiyng,Purifiyng,Not significant
Purifiyng,Purifiyng,Not significant
Neutral,Neutral,Not significant
Neutral,Purifiyng,Not significant
Purifiyng,Purifiyng,Not significant
Purifiyng,Purifiyng,Not significant
Neutral,Purifiyng,Not significant
Purifiyng,Purifiyng,Not significant
Purifiyng,Purifiyng,Not significant
Neutral,Neutral,Not significant
Neutral,Neutral,Not significant
Purifiyng,Purifiyng,Not significant
Purifiyng,Purifiyng,Not significant
Neutral,Neutral,Not significant
Purifiyng,Purifiyng,Episodic Diversifiyng
Neutral,Purifiyng,Not significant
Purifiyng,Purifiyng,Not significant
Purifiyng,Purifiyng,Not significant
Purifiyng,Purifiyng,Not significant
Purifiyng,Purifiyng,Not significant
Neutral,Neutral,Not significant
Purifiyng,Purifiyng,Not significant
Purifiyng,Neutral,Not significant
Purifiyng,Purifiyng,Not significant
Neutral,Neutral,Not significant
Purifiyng,Purifiyng,Not significant
Purifiyng,Purifiyng,Not significant
Purifiyng,Purifiyng,Not significant
Neutral,Neutral,Not significant
Neutral,Neutral,Not significant
Purifiyng,Purifiyng,Not significant
Purifiyng,Purifiyng,Not significant
Purifiyng,Purifiyng,Not significant
Neutral,Purifiyng,Not significant
Purifiyng,Purifiyng,Not significant
Purifiyng,Purifiyng,Not significant
Neutral,Neutral,Not significant
Neutral,Neutral,Not significant
Purifiyng,Purifiyng,Not significant
Neutral,Purifiyng,Not significant
Purifiyng,Purifiyng,Not significant
Neutral,Neutral,Not significant
Neutral,Neutral,Not significant
Neutral,Purifiyng,Not significant
Purifiyng,Purifiyng,Not significant
Neutral,Neutral,Not significant
Purifiyng,Purifiyng,Not significant
Purifiyng,Purifiyng,Not significant
Neutral,Purifiyng,Episodic Diversifiyng
Purifiyng,Purifiyng,Not significant
Neutral,Neutral,Episodic Diversifiyng
Purifiyng,Purifiyng,Not significant
Neutral,Purifiyng,Not significant
Purifiyng,Purifiyng,Not significant
Neutral,Purifiyng,Not significant
Purifiyng,Purifiyng,Not significant
Neutral,Neutral,Not significant
Purifiyng,Purifiyng,Not significant
Neutral,Purifiyng,Not significant
Purifiyng,Purifiyng,Not significant
Purifiyng,Purifiyng,Not significant
Neutral,Purifiyng,Episodic Diversifiyng
Neutral,Neutral,Not significant
Purifiyng,Purifiyng,Not significant
Neutral,Purifiyng,Not significant
Purifiyng,Purifiyng,Not significant
Purifiyng,Purifiyng,Not significant
Neutral,Neutral,Not significant
Purifiyng,Purifiyng,Not significant
Neutral,Neutral,Episodic Diversifiyng
Purifiyng,Purifiyng,Not significant
Neutral,Purifiyng,Not significant
Neutral,Neutral,Not significant
Purifiyng,Purifiyng,Not significant
Neutral,Neutral,Not significant
Neutral,Neutral,Not significant
Purifiyng,Purifiyng,Not significant
Purifiyng,Neutral,Not significant
Neutral,Neutral,Not significant
Purifiyng,Purifiyng,Not significant
Neutral,Neutral,Not significant
Purifiyng,Purifiyng,Not significant
Purifiyng,Purifiyng,Not significant
Purifiyng,Purifiyng,Not significant
Purifiyng,Purifiyng,Not significant
Neutral,Neutral,Not significant
Neutral,Neutral,Episodic Diversifiyng
Neutral,Neutral,Not significant
Purifiyng,Purifiyng,Not significant
Neutral,Neutral,Not significant
Neutral,Purifiyng,Episodic Diversifiyng
Neutral,Purifiyng,Not significant
Purifiyng,Purifiyng,Not significant
Neutral,Neutral,Not significant
Neutral,Neutral,Episodic Diversifiyng
Purifiyng,Purifiyng,Not significant
Neutral,Purifiyng,Not significant
Neutral,Neutral,Not significant
Purifiyng,Purifiyng,Not significant
Neutral,Neutral,Not significant
Purifiyng,Purifiyng,Not significant
Purifiyng,Purifiyng,Not significant
Purifiyng,Purifiyng,Not significant
Neutral,Neutral,Not significant
Purifiyng,Purifiyng,Not significant
Purifiyng,Purifiyng,Not significant
Purifiyng,Purifiyng,Not significant
Neutral,Neutral,Episodic Diversifiyng
Purifiyng,Purifiyng,Not significant
Neutral,Neutral,Not significant
Purifiyng,Purifiyng,Not significant
Purifiyng,Purifiyng,Not significant
Purifiyng,Purifiyng,Not significant
Neutral,Purifiyng,Not significant
Neutral,Neutral,Not significant
Purifiyng,Purifiyng,Not significant
Purifiyng,Neutral,Not significant
Neutral,Neutral,Not significant
Neutral,Neutral,Not significant
Purifiyng,Purifiyng,Not significant
Purifiyng,Purifiyng,Not significant
Neutral,Neutral,Not significant
Purifiyng,Purifiyng,Not significant
Purifiyng,Purifiyng,Not significant
Purifiyng,Purifiyng,Not significant
Neutral,Purifiyng,Not significant
Purifiyng,Purifiyng,Not significant
Neutral,Purifiyng,Not significant
Purifiyng,Purifiyng,Not significant
Neutral,Neutral,Not significant
Neutral,Neutral,Not significant
Purifiyng,Purifiyng,Not significant
Purifiyng,Purifiyng,Not significant
Neutral,Purifiyng,Not significant
Neutral,Neutral,Not significant
Purifiyng,Purifiyng,Not significant
Neutral,Purifiyng,Not significant
Purifiyng,Purifiyng,Not significant
Purifiyng,Purifiyng,Not significant
Neutral,Neutral,Not significant
Neutral,Neutral,Not significant
Neutral,Neutral,Not significant
Neutral,Neutral,Not significant
Neutral,Neutral,Not significant
Neutral,Purifiyng,Not significant
Purifiyng,Purifiyng,Not significant
Neutral,Purifiyng,Not significant
Neutral,Purifiyng,Not significant
Purifiyng,Purifiyng,Not significant
Neutral,Neutral,Not significant
Purifiyng,Purifiyng,Not significant
Neutral,Neutral,Not significant
Neutral,Neutral,Not significant
Purifiyng,Purifiyng,Not significant
Purifiyng,Purifiyng,Not significant
Neutral,Purifiyng,Not significant
Purifiyng,Purifiyng,Not significant
Neutral,Purifiyng,Not significant
Purifiyng,Purifiyng,Not significant
Purifiyng,Purifiyng,Not significant
Purifiyng,Purifiyng,Not significant
Purifiyng,Purifiyng,Not significant
Neutral,Neutral,Not significant
Neutral,Neutral,Not significant
Purifiyng,Purifiyng,Not significant
Neutral,Purifiyng,Not significant
Neutral,Neutral,Not significant
Purifiyng,Purifiyng,Not significant
Neutral,Purifiyng,Not significant
Purifiyng,Purifiyng,Not significant
Purifiyng,Purifiyng,Not significant
Purifiyng,Purifiyng,Not significant
Neutral,Purifiyng,Episodic Diversifiyng
Neutral,Purifiyng,Not significant
Neutral,Neutral,Not significant
Purifiyng,Purifiyng,Episodic Diversifiyng
Neutral,Neutral,Not significant
Neutral,Neutral,Episodic Diversifiyng
Purifiyng,Purifiyng,Not significant
Neutral,Neutral,Not significant
Neutral,Neutral,Not significant
Neutral,Purifiyng,Not significant
Neutral,Neutral,Episodic Diversifiyng
Neutral,Neutral,Not significant
Neutral,Purifiyng,Not significant
Neutral,Neutral,Episodic Diversifiyng
Neutral,Neutral,Episodic Diversifiyng
Neutral,Neutral,Not significant
Neutral,Purifiyng,Not significant
Purifiyng,Purifiyng,Not significant
Neutral,Neutral,Not significant
Neutral,Neutral,Not significant
Neutral,Neutral,Not significant
Neutral,Purifiyng,Not significant
Neutral,Neutral,Not significant
Purifiyng,Purifiyng,Not significant
Neutral,Purifiyng,Not significant
Neutral,Neutral,Not significant
Neutral,Purifiyng,Not significant
