Specie,Position,Length
Amazona_collaria,230,5
Amphilophus_citrinellus,230,5
Anabas_testudineus,231,14
Anas_platyrhynchos,230,5
Aotus_nancymaae,16,6
Apteryx_rowi,230,5
Astyanax_mexicanus_a,13,8
Astyanax_mexicanus_a,219,5
Astyanax_mexicanus_a,226,5
Astyanax_mexicanus_b,14,7
Astyanax_mexicanus_b,76,5
Balaenoptera_acutorostrata,15,6
Balaenoptera_acutorostrata,228,7
Betta_splendens,51,5
Bison_bison,15,6
Bos_taurus,15,6
Bos_taurus,228,7
Calidris_pugnax,230,5
Callithrix_jacchus,16,6
Calypte_anna,230,5
Camarhynchus_parvulus,230,5
Camelus_ferus,15,6
Camelus_ferus,230,5
Canis_lupus,15,6
Canis_lupus,229,7
Carlito_syrichta,15,6
Castor_canadensis,15,6
Catagonus_wagneri,15,6
Catagonus_wagneri,228,7
Cavia_porcellus,54,5
Cebus_capucinus,16,6
Ceratotherium_simum,15,6
Chelonia_mydas,15,6
Chelonia_mydas,72,6
Chelonia_mydas,230,5
Chelonoidis_abingdonii,15,6
Chelonoidis_abingdonii,72,6
Chelonoidis_abingdonii,230,5
Chinchilla_lanigera,15,6
Chrysemys_picta,15,6
Chrysemys_picta,68,6
Chrysemys_picta,226,5
Chrysochloris_asiatica,15,6
Clupea_harengus_a,15,9
Clupea_harengus_a,233,6
Clupea_harengus_b,15,9
Clupea_harengus_b,195,2
Clupea_harengus_b,219,5
Columba_livia,230,5
Condylura_cristata,15,6
Corvus_moneduloides,15,6
Corvus_moneduloides,230,5
Cricetulus_griseus,15,6
Crocodylus_porosus,230,5
Cyprinodon_variegatus,69,5
Cyprinodon_variegatus,230,7
Cyprinus_carpio_germanmirror_a,14,10
Cyprinus_carpio_germanmirror_c,223,6
Cyprinus_carpio_germanmirror_d,222,8
Cyprinus_carpio_huanghe_a,14,10
Cyprinus_carpio_huanghe_a,102,5
Cyprinus_carpio_huanghe_b,222,8
Cyprinus_carpio_huanghe,223,6
Danio_rerio_a,13,8
Danio_rerio_a,102,5
Danio_rerio_b,58,5
Danio_rerio_b,138,5
Dasypus_novemcinctus,15,6
Denticeps_clupeoides_b,14,10
Denticeps_clupeoides_b,28,5
Denticeps_clupeoides_b,222,5
Desmodus_rotundus,15,6
Desmodus_rotundus,219,9
Dromaius_novaehollandiae,230,5
Echeneis_naucrates,69,5
Echinops_telfairi,16,6
Elephantulus_edwardii,15,6
Empidonax_traillii,230,5
Enhydra_lutris,17,10
Enhydra_lutris,229,7
Eptesicus_fuscus,15,6
Eptesicus_fuscus,218,7
Equus_caballus,15,6
Equus_caballus,229,6
Erinaceus_europaeus,15,6
Erpetoichthys_calabaricus_a,16,5
Erpetoichthys_calabaricus_a,245,9
Erpetoichthys_calabaricus_b,10,5
Erpetoichthys_calabaricus_b,151,5
Erythrura_gouldiae,230,5
Esox_lucius_a,14,5
Esox_lucius_a,227,5
Esox_lucius_b,14,10
Esox_lucius_b,51,5
Falco_peregrinus,230,5
Felis_catus,15,6
Ficedula_albicollis,230,5
Fukomys_damarensis,15,6
Galeopterus_variegatus,15,6
Galeopterus_variegatus,229,7
Gallus_gallus,230,5
Gambusia_affinis,229,6
Gasterosteus_aculeatus,230,7
Gavialis_gangeticus,230,5
Gekko_japonicus,227,5
Gopherus_evgoodei,15,6
Gopherus_evgoodei,72,6
Gopherus_evgoodei,230,5
Gouania_willdenowi,229,6
Grammomys_surdaster,15,5
Haliaeetus_leucocephalus,230,5
Heterocephalus_glaber,15,6
Hippocampus_comes,69,5
Hippocampus_comes,150,5
Hippocampus_comes,230,7
Hipposideros_armiger,15,6
Homo_sapiens,16,6
Hucho_hucho_a,72,13
Hucho_hucho_a,227,5
Hucho_hucho_b,227,5
Ictalurus_punctatus_a,14,7
Ictalurus_punctatus_b,14,6
Ictalurus_punctatus_b,76,5
Ictalurus_punctatus_b,228,5
Ictalurus_punctatus,14,6
Ictalurus_punctatus,223,5
Ictidomys_tridecemlineatus,15,6
Jaculus_jaculus,15,6
Jaculus_jaculus,227,7
Kryptolebias_marmoratus,224,9
Lates_calcarifer,69,6
Lates_calcarifer,234,7
Lepidothrix_coronata,230,5
Leptonychotes_weddellii,17,10
Leptonychotes_weddellii,229,7
Lipotes_vexillifer,15,6
Lipotes_vexillifer,228,7
Loxodonta_africana,15,6
Loxodonta_africana,226,7
Macaca_mulatta,16,6
Manis_javanica,15,6
Marmota_marmota,15,6
Mastacembelus_armatus,16,5
Mastacembelus_armatus,233,6
Mastomys_coucha,15,6
Meleagris_gallopavo,230,5
Melopsittacus_undulatus,230,5
Meriones_unguiculatus,15,6
Meriones_unguiculatus,228,5
Mesocricetus_auratus,15,6
Microcebus_murinus,15,6
Microcebus_murinus,236,7
Microtus_ochrogaster,16,6
Miniopterus_natalensis,15,6
Miniopterus_natalensis,168,5
Miniopterus_natalensis,226,9
Monodelphis_domestica,17,9
Mus_caroli,15,6
Mus_musculus,15,6
Mus_pahari,15,6
Mus_spretus_MGP_SPRETEiJ,15,6
Mustela_putorius_furo,15,6
Mustela_putorius_furo,229,7
Myotis_brandtii,91,8
Myotis_brandtii,196,6
Myotis_davidii,161,9
Myotis_lucifugus,38,5
Myotis_lucifugus,81,8
Myotis_lucifugus,211,8
Nannospalax_galili,15,6
Nomascus_leucogenys,16,6
Nothoprocta_perdicaria,230,5
Notothenia_coriiceps,16,6
Notothenia_coriiceps,234,5
Numida_meleagris,230,5
Ochotona_princeps,15,6
Octodon_degus,15,6
Odobenus_rosmarus,17,10
Odocoileus_virginianus,15,6
Odocoileus_virginianus,228,7
Orcinus_orca,15,6
Orcinus_orca,228,7
Oreochromis_aureus,69,5
Oreochromis_aureus,230,6
Ornithorhynchus_anatinus,15,6
Orycteropus_afer,15,6
Orycteropus_afer,227,5
Oryctolagus_cuniculus,15,6
Oryzias_latipes,69,5
Oryzias_latipes,232,9
Oryzias_melastigma,230,12
Otolemur_garnettii,15,6
Panthera_tigris,15,6
Panthera_tigris,270,5
Paramormyrops_kingsleyae,220,8
Pavo_cristatus,230,5
Pelodiscus_sinensis,15,6
Pelodiscus_sinensis,224,5
Peromyscus_leucopus,15,6
Peromyscus_maniculatus,15,6
Phascolarctos_cinereus_a,57,4
Phascolarctos_cinereus_b,17,9
Phascolarctos_cinereus_b,57,4
Phoca_vitulina,17,10
Physeter_catodon,15,6
Physeter_catodon,228,7
Podarcis_muralis,16,6
Poecilia_mexicana,69,5
Poecilia_mexicana,229,6
Poecilia_reticulata,229,6
Pogona_vitticeps,16,6
Procavia_capensis,15,6
Prolemur_simus,15,6
Propithecus_coquereli,15,6
Protobothrops_mucrosquamatus,54,6
Protobothrops_mucrosquamatus,223,5
Pseudonaja_textilis,54,6
Pseudonaja_textilis,223,5
Pseudopodoces_humilis,230,5
Pteropus_alecto,15,6
Pteropus_alecto,228,7
Pundamilia_nyererei,69,5
Pundamilia_nyererei,230,7
Pygocentrus_nattereri_a,14,7
Pygocentrus_nattereri_a,76,5
Python_bivittatus,55,5
Python_bivittatus,223,5
Rattus_norvegicus,15,6
Rhinolophus_ferrumequinum,15,6
Rhinolophus_ferrumequinum,228,7
Rhinopithecus_roxellana,16,6
Rousettus_aegyptiacus,15,6
Rousettus_aegyptiacus,228,7
Saimiri_boliviensis,16,6
Salmo_trutta_a,227,5
Salmo_trutta_b,227,5
Sapajus_apella,16,6
Scleropages_formosus,14,10
Serinus_canaria,230,5
Seriola_dumerili,69,5
Seriola_dumerili,234,5
Seriola_lalandi_dorsalis,69,5
Seriola_lalandi_dorsalis,234,5
Sinocyclocheilus_anshuiensis_a,14,10
Sinocyclocheilus_grahami_c,223,6
Sinocyclocheilus_rhinocerous_a,14,10
Sinocyclocheilus_rhinocerous_a,102,5
Sinocyclocheilus_rhinocerous_b,223,6
Sinocyclocheilus_rhinocerous_c,225,10
Sinocyclocheilus_rhinocerous_d,171,5
Sinocyclocheilus_rhinocerous_d,222,8
Sparus_aurata,235,16
Spermophilus_dauricus,15,6
Sphenodon_punctatus,231,5
Strigops_habroptila,230,5
Sus_scrofa,15,6
Takifugu_rubripes,150,5
Terrapene_carolina,15,6
Terrapene_carolina,226,5
Tetraodon_nigroviridis,231,5
Thamnophis_elegans,54,6
Thamnophis_elegans,114,5
Thamnophis_elegans,213,5
Thamnophis_elegans,222,5
Trichechus_manatus,15,6
Urocitellus_parryii,15,6
Ursus_arctos,15,6
Ursus_arctos,229,7
Ursus_maritimus,15,6
Vombatus_ursinus,17,9
Xiphophorus_maculatus,229,6
