Aggregation_score,APR
402.43,APR1
352.77,APR1
560.99,APR1
327.07,APR1
352.77,APR1
561.97,APR1
452.50,APR1
352.77,APR1
561.94,APR1
452.62,APR1
353.55,APR1
452.50,APR1
99.81,APR1
452.62,APR1
530.11,APR1
562.09,APR1
400.70,APR1
452.50,APR1
353.55,APR1
452.50,APR1
452.50,APR1
452.50,APR1
353.55,APR1
352.77,APR1
452.50,APR1
353.55,APR1
484.33,APR1
452.50,APR1
452.50,APR1
235.72,APR1
99.81,APR1
134.29,APR1
452.50,APR1
352.77,APR1
452.50,APR1
99.81,APR1
352.77,APR1
353.55,APR1
452.50,APR1
352.77,APR1
352.77,APR1
352.77,APR1
0.00,APR1
561.97,APR1
452.50,APR1
352.77,APR1
452.50,APR1
350.06,APR1
452.62,APR1
352.77,APR1
352.77,APR1
452.50,APR1
390.16,APR1
561.94,APR1
352.77,APR1
561.94,APR1
452.50,APR1
452.50,APR1
352.77,APR1
352.77,APR1
452.50,APR1
352.77,APR1
3.76,APR1
452.62,APR1
293.59,APR1
528.17,APR1
4.74,APR1
498.47,APR1
474.57,APR1
10.47,APR1
10.47,APR1
498.04,APR1
498.47,APR1
10.47,APR1
4.74,APR1
4.74,APR1
4.74,APR1
498.47,APR1
503.10,APR1
498.04,APR1
4.74,APR1
4.74,APR1
421.19,APR1
430.49,APR1
263.08,APR1
260.96,APR1
399.86,APR1
91.57,APR1
0.00,APR1
0.00,APR1
0.00,APR1
0.00,APR1
0.00,APR1
0.00,APR1
73.07,APR1
16.22,APR1
6.06,APR1
0.00,APR1
0.00,APR1
0.00,APR1
0.00,APR1
0.00,APR1
0.00,APR1
0.00,APR1
0.00,APR1
0.00,APR1
0.00,APR1
73.07,APR1
503.10,APR1
545.66,APR1
0.00,APR1
0.00,APR1
18.90,APR1
73.07,APR1
0.00,APR1
0.00,APR1
0.00,APR1
426.09,APR1
0.00,APR1
0.00,APR1
0.00,APR1
0.00,APR1
0.00,APR1
0.00,APR1
0.00,APR1
0.00,APR1
0.00,APR1
0.00,APR1
15.13,APR1
73.00,APR1
0.00,APR1
0.00,APR1
498.47,APR1
2.31,APR1
2.31,APR1
498.47,APR1
0.96,APR1
10.47,APR1
10.47,APR1
0.00,APR1
0.00,APR1
0.00,APR1
345.31,APR1
0.00,APR1
0.00,APR1
559.85,APR1
223.70,APR1
378.32,APR1
25.62,APR1
0.00,APR1
0.00,APR1
0.00,APR1
0.00,APR1
0.00,APR1
0.00,APR1
0.00,APR1
0.00,APR1
0.00,APR1
0.00,APR1
0.00,APR1
0.00,APR1
0.00,APR1
0.00,APR1
0.00,APR1
0.00,APR1
0.00,APR1
73.07,APR1
262.00,APR1
10.47,APR1
73.07,APR1
0.00,APR1
0.00,APR1
0.00,APR1
0.00,APR1
0.00,APR2
4.19,APR2
7.28,APR2
0.00,APR2
1.36,APR2
4.16,APR2
1.37,APR2
0.00,APR2
0.00,APR2
2.46,APR2
0.00,APR2
0.00,APR2
0.00,APR2
2.46,APR2
0.00,APR2
0.00,APR2
0.00,APR2
0.00,APR2
0.00,APR2
0.00,APR2
1.37,APR2
1.97,APR2
0.00,APR2
1.36,APR2
0.00,APR2
0.00,APR2
0.00,APR2
3.82,APR2
0.00,APR2
1.36,APR2
0.00,APR2
0.00,APR2
6.19,APR2
1.37,APR2
0.00,APR2
0.00,APR2
1.36,APR2
1.36,APR2
3.82,APR2
0.00,APR2
0.00,APR2
0.00,APR2
29.50,APR2
4.16,APR2
2.79,APR2
0.00,APR2
0.00,APR2
0.00,APR2
2.46,APR2
1.36,APR2
1.36,APR2
0.00,APR2
0.00,APR2
1.76,APR2
0.00,APR2
0.00,APR2
0.00,APR2
0.00,APR2
1.36,APR2
0.00,APR2
2.79,APR2
1.36,APR2
0.00,APR2
0.88,APR2
0.00,APR2
0.00,APR2
0.00,APR2
0.00,APR2
0.00,APR2
0.00,APR2
0.00,APR2
0.00,APR2
0.00,APR2
0.00,APR2
0.00,APR2
0.00,APR2
0.00,APR2
0.00,APR2
0.00,APR2
1.27,APR2
0.00,APR2
0.00,APR2
0.00,APR2
0.00,APR2
0.00,APR2
0.00,APR2
0.00,APR2
189.21,APR2
0.00,APR2
0.00,APR2
0.00,APR2
0.00,APR2
0.00,APR2
0.00,APR2
1.00,APR2
19.88,APR2
0.00,APR2
0.00,APR2
0.00,APR2
0.00,APR2
0.00,APR2
0.00,APR2
0.00,APR2
0.00,APR2
0.00,APR2
0.00,APR2
0.00,APR2
0.00,APR2
0.79,APR2
0.00,APR2
0.00,APR2
0.00,APR2
0.00,APR2
0.00,APR2
19.88,APR2
5.57,APR2
0.00,APR2
0.00,APR2
0.00,APR2
0.00,APR2
5.57,APR2
0.00,APR2
5.05,APR2
0.00,APR2
0.00,APR2
0.00,APR2
0.00,APR2
0.00,APR2
0.00,APR2
0.00,APR2
0.00,APR2
0.00,APR2
0.00,APR2
0.00,APR2
0.00,APR2
0.00,APR2
0.00,APR2
0.00,APR2
0.00,APR2
0.00,APR2
0.00,APR2
0.00,APR2
0.00,APR2
0.00,APR2
0.00,APR2
0.00,APR2
0.00,APR2
0.00,APR2
0.00,APR2
171.81,APR2
0.00,APR2
0.00,APR2
508.48,APR2
0.00,APR2
0.00,APR2
0.00,APR2
0.00,APR2
0.00,APR2
0.00,APR2
0.00,APR2
0.00,APR2
0.00,APR2
0.00,APR2
0.00,APR2
0.00,APR2
0.00,APR2
0.00,APR2
19.88,APR2
2.89,APR2
0.00,APR2
0.00,APR2
0.00,APR2
0.00,APR2
0.00,APR2
0.00,APR2
0.00,APR3
0.00,APR3
0.00,APR3
0.00,APR3
0.00,APR3
0.00,APR3
0.00,APR3
0.00,APR3
0.00,APR3
0.00,APR3
0.00,APR3
0.00,APR3
0.00,APR3
0.00,APR3
0.00,APR3
0.00,APR3
0.00,APR3
0.00,APR3
0.00,APR3
0.00,APR3
0.00,APR3
0.00,APR3
0.00,APR3
0.00,APR3
0.00,APR3
0.00,APR3
0.00,APR3
0.00,APR3
0.00,APR3
0.00,APR3
0.00,APR3
0.00,APR3
0.00,APR3
0.00,APR3
0.00,APR3
0.00,APR3
0.00,APR3
0.00,APR3
0.00,APR3
0.00,APR3
0.00,APR3
0.00,APR3
0.00,APR3
0.00,APR3
0.00,APR3
0.00,APR3
0.00,APR3
0.00,APR3
0.00,APR3
0.00,APR3
0.00,APR3
0.00,APR3
0.00,APR3
0.00,APR3
0.00,APR3
0.00,APR3
0.00,APR3
0.00,APR3
0.00,APR3
0.00,APR3
0.00,APR3
0.00,APR3
0.00,APR3
0.00,APR3
13.35,APR3
0.00,APR3
0.00,APR3
0.00,APR3
0.00,APR3
0.00,APR3
0.00,APR3
0.00,APR3
0.00,APR3
0.00,APR3
0.00,APR3
0.00,APR3
0.00,APR3
0.00,APR3
0.00,APR3
0.00,APR3
0.00,APR3
0.00,APR3
0.00,APR3
0.00,APR3
0.00,APR3
0.00,APR3
0.00,APR3
0.00,APR3
0.00,APR3
0.00,APR3
0.00,APR3
0.00,APR3
0.00,APR3
0.00,APR3
0.00,APR3
0.00,APR3
0.00,APR3
0.00,APR3
0.00,APR3
0.00,APR3
0.00,APR3
0.00,APR3
0.00,APR3
0.00,APR3
0.00,APR3
0.00,APR3
0.00,APR3
0.00,APR3
0.00,APR3
0.00,APR3
0.00,APR3
0.00,APR3
0.00,APR3
0.00,APR3
0.00,APR3
0.00,APR3
0.00,APR3
0.00,APR3
0.00,APR3
0.00,APR3
0.00,APR3
0.00,APR3
0.00,APR3
0.00,APR3
0.00,APR3
0.00,APR3
0.00,APR3
0.00,APR3
0.00,APR3
0.00,APR3
0.00,APR3
0.00,APR3
0.00,APR3
0.00,APR3
0.00,APR3
0.00,APR3
0.00,APR3
0.00,APR3
0.00,APR3
0.00,APR3
0.00,APR3
0.00,APR3
0.00,APR3
0.00,APR3
0.00,APR3
0.00,APR3
0.00,APR3
0.00,APR3
0.00,APR3
0.00,APR3
0.00,APR3
0.00,APR3
0.00,APR3
0.00,APR3
0.00,APR3
32.67,APR4
32.67,APR4
0.00,APR4
0.00,APR4
1.86,APR4
32.67,APR4
157.57,APR4
91.23,APR4
117.93,APR4
157.57,APR4
11.70,APR4
0.00,APR4
0.00,APR4
157.57,APR4
21.52,APR4
15.05,APR4
0.00,APR4
157.57,APR4
1.75,APR4
0.00,APR4
157.57,APR4
157.57,APR4
11.70,APR4
32.67,APR4
0.00,APR4
1.75,APR4
0.00,APR4
0.00,APR4
4.52,APR4
445.83,APR4
0.00,APR4
0.00,APR4
7.07,APR4
15.05,APR4
0.00,APR4
0.00,APR4
91.26,APR4
1.02,APR4
0.00,APR4
7.14,APR4
15.05,APR4
21.81,APR4
0.00,APR4
32.67,APR4
0.00,APR4
130.26,APR4
0.00,APR4
1.86,APR4
0.00,APR4
0.00,APR4
0.00,APR4
0.00,APR4
0.00,APR4
22.94,APR4
0.00,APR4
71.47,APR4
0.00,APR4
32.67,APR4
91.26,APR4
0.00,APR4
32.67,APR4
11.29,APR4
157.57,APR4
0.00,APR4
0.00,APR4
0.00,APR4
0.00,APR4
0.00,APR4
0.00,APR4
0.00,APR4
0.00,APR4
0.00,APR4
0.00,APR4
0.00,APR4
0.00,APR4
0.00,APR4
0.00,APR4
0.00,APR4
0.00,APR4
0.00,APR4
0.00,APR4
0.00,APR4
0.00,APR4
0.00,APR4
0.00,APR4
0.00,APR4
0.00,APR4
0.00,APR4
0.00,APR4
0.00,APR4
0.00,APR4
0.00,APR4
0.00,APR4
0.00,APR4
0.00,APR4
0.00,APR4
0.00,APR4
0.00,APR4
0.00,APR4
0.00,APR4
0.00,APR4
0.00,APR4
0.00,APR4
0.00,APR4
0.00,APR4
0.00,APR4
0.00,APR4
0.00,APR4
0.00,APR4
0.00,APR4
0.00,APR4
0.00,APR4
0.00,APR4
0.00,APR4
0.00,APR4
0.00,APR4
0.00,APR4
0.00,APR4
0.00,APR4
0.00,APR4
0.00,APR4
0.00,APR4
0.00,APR4
2.30,APR4
0.00,APR4
0.00,APR4
0.00,APR4
0.00,APR4
0.00,APR4
0.00,APR4
0.00,APR4
0.00,APR4
0.00,APR4
0.00,APR4
0.00,APR4
0.00,APR4
0.00,APR4
0.00,APR4
0.00,APR4
0.00,APR4
0.00,APR4
0.00,APR4
0.00,APR4
0.00,APR4
0.00,APR4
0.00,APR4
0.00,APR4
0.00,APR4
0.00,APR4
0.00,APR4
0.00,APR4
0.00,APR4
0.00,APR4
0.00,APR4
0.00,APR4
0.00,APR4
0.00,APR4
0.00,APR4
0.00,APR4
0.00,APR4
0.00,APR4
0.00,APR4
0.00,APR4
0.00,APR4
0.00,APR4
0.00,APR4
6.63,APR4
0.00,APR4
0.00,APR4
0.00,APR4
0.00,APR4
0.00,APR4
0.00,APR4
0.00,APR4
0.00,APR4
